Library,month,issues
Blakelaw,2008-04,1048
Blakelaw,2008-05,1017
Blakelaw,2008-06,1042
Blakelaw,2008-07,911
Blakelaw,2008-08,919
Blakelaw,2008-09,1037
Blakelaw,2008-10,1280
Blakelaw,2008-11,1020
Blakelaw,2008-12,644
Blakelaw,2009-01,895
Blakelaw,2009-02,829
Blakelaw,2009-03,984
Blakelaw,2009-04,768
Blakelaw,2009-05,793
Blakelaw,2009-06,1107
Blakelaw,2009-07,1011
Blakelaw,2009-08,967
Blakelaw,2009-09,801
Blakelaw,2009-10,1094
Blakelaw,2009-11,1017
Blakelaw,2009-12,425
Blakelaw,2010-01,745
Blakelaw,2010-02,912
Blakelaw,2010-03,894
Blakelaw,2010-04,873
Blakelaw,2010-05,943
Blakelaw,2010-06,882
Blakelaw,2010-07,1103
Blakelaw,2010-08,972
Blakelaw,2010-09,799
Blakelaw,2010-10,759
Blakelaw,2010-11,671
Blakelaw,2010-12,512
Blakelaw,2011-01,831
Blakelaw,2011-02,1058
Blakelaw,2011-03,868
Blakelaw,2011-04,778
Blakelaw,2011-05,729
Blakelaw,2011-06,637
Blakelaw,2011-07,689
Blakelaw,2011-08,927
Blakelaw,2011-09,1127
Blakelaw,2011-10,774
Blakelaw,2011-11,662
Blakelaw,2011-12,296
Blakelaw,2012-01,580
Blakelaw,2012-02,483
Blakelaw,2012-03,653
Blakelaw,2012-04,480
Blakelaw,2012-05,511
Blakelaw,2012-06,432
Blakelaw,2012-07,630
Blakelaw,2012-08,614
Blakelaw,2012-09,436
Blakelaw,2012-10,479
Blakelaw,2012-11,512
Blakelaw,2012-12,371
Blakelaw,2013-01,558
Blakelaw,2013-02,604
Blakelaw,2013-03,535
Blakelaw,2013-04,554
Blakelaw,2013-05,438
Blakelaw,2013-06,520
Blakelaw,2013-07,638
Blakelaw,2013-08,684
Blakelaw,2013-09,513
Blakelaw,2013-10,653
Blakelaw,2013-11,433
Blakelaw,2013-12,328
Blakelaw,2014-01,443
Blakelaw,2014-02,474
Blakelaw,2014-03,425
Blakelaw,2014-04,319
Blakelaw,2014-05,444
Blakelaw,2014-06,403
Blakelaw,2014-07,286
Blakelaw,2014-08,400
Blakelaw,2014-09,389
Blakelaw,2014-10,387
Blakelaw,2014-11,330
Blakelaw,2014-12,215
Blakelaw,2015-01,303
Blakelaw,2015-02,197
Blakelaw,2015-03,314
Blakelaw,2015-04,200
Blakelaw,2015-05,238
Blakelaw,2015-06,451
Blakelaw,2015-07,377
Blakelaw,2015-08,244
Blakelaw,2015-09,245
Blakelaw,2015-10,247
Blakelaw,2015-11,233
Blakelaw,2015-12,147
Blakelaw,2016-01,208
Blakelaw,2016-02,61
Blakelaw,2016-03,245
Blakelaw,2016-04,253
Blakelaw,2016-05,245
Blakelaw,2016-06,196
Blakelaw,2016-07,357
Blakelaw,2016-08,323
Blakelaw,2016-09,301
Blakelaw,2016-10,292
Blakelaw,2016-11,380
City,2008-04,4490
City,2008-05,4424
City,2008-06,4606
City,2008-07,5709
City,2008-08,4555
City,2008-09,4028
City,2008-10,3716
City,2008-11,3167
City,2008-12,2989
City,2009-01,5583
City,2009-02,2910
City,2009-03,3594
City,2009-04,1819
City,2009-05,1786
City,2009-06,43772
City,2009-07,56618
City,2009-08,56341
City,2009-09,52201
City,2009-10,54330
City,2009-11,44899
City,2009-12,41417
City,2010-01,47498
City,2010-02,44914
City,2010-03,51337
City,2010-04,46706
City,2010-05,41889
City,2010-06,42342
City,2010-07,48554
City,2010-08,47413
City,2010-09,45046
City,2010-10,47212
City,2010-11,37609
City,2010-12,37543
City,2011-01,39156
City,2011-02,39265
City,2011-03,40955
City,2011-04,33268
City,2011-05,37602
City,2011-06,38218
City,2011-07,38357
City,2011-08,39910
City,2011-09,35562
City,2011-10,39191
City,2011-11,32278
City,2011-12,28948
City,2012-01,34302
City,2012-02,33526
City,2012-03,34689
City,2012-04,32151
City,2012-05,32481
City,2012-06,30228
City,2012-07,32577
City,2012-08,32563
City,2012-09,29938
City,2012-10,32242
City,2012-11,28813
City,2012-12,23820
City,2013-01,30245
City,2013-02,26657
City,2013-03,27659
City,2013-04,29635
City,2013-05,31768
City,2013-06,28154
City,2013-07,33636
City,2013-08,32621
City,2013-09,27649
City,2013-10,30096
City,2013-11,26288
City,2013-12,21563
City,2014-01,27279
City,2014-02,24654
City,2014-03,26158
City,2014-04,24088
City,2014-05,24451
City,2014-06,20426
City,2014-07,22796
City,2014-08,23461
City,2014-09,21478
City,2014-10,22948
City,2014-11,19398
City,2014-12,18172
City,2015-01,21581
City,2015-02,19400
City,2015-03,20425
City,2015-04,20125
City,2015-05,15559
City,2015-06,19809
City,2015-07,20976
City,2015-08,19365
City,2015-09,19449
City,2015-10,19246
City,2015-11,17124
City,2015-12,15250
City,2016-01,18596
City,2016-02,17885
City,2016-03,17467
City,2016-04,17682
City,2016-05,16301
City,2016-06,17180
City,2016-07,17852
City,2016-08,18975
City,2016-09,16708
City,2016-10,17315
City,2016-11,14784
Cruddas Park,2008-04,1477
Cruddas Park,2008-05,1457
Cruddas Park,2008-06,1377
Cruddas Park,2008-07,1697
Cruddas Park,2008-08,1749
Cruddas Park,2008-09,1522
Cruddas Park,2008-10,1563
Cruddas Park,2008-11,1498
Cruddas Park,2008-12,909
Cruddas Park,2009-01,1566
Cruddas Park,2009-02,1352
Cruddas Park,2009-03,1267
Cruddas Park,2009-04,1517
Cruddas Park,2009-05,1023
Cruddas Park,2009-06,1281
Cruddas Park,2009-07,1164
Cruddas Park,2009-08,1085
Cruddas Park,2009-09,1227
Cruddas Park,2009-10,1111
Cruddas Park,2009-11,1144
Cruddas Park,2009-12,1119
Cruddas Park,2010-01,1252
Cruddas Park,2010-02,1191
Cruddas Park,2010-03,1200
Cruddas Park,2010-04,1218
Cruddas Park,2010-05,841
Cruddas Park,2010-06,1120
Cruddas Park,2010-07,1145
Cruddas Park,2010-08,1239
Cruddas Park,2010-09,997
Cruddas Park,2010-10,929
Cruddas Park,2010-11,1232
Cruddas Park,2010-12,682
Cruddas Park,2011-01,1101
Cruddas Park,2011-02,939
Cruddas Park,2011-03,1240
Cruddas Park,2011-04,931
Cruddas Park,2011-05,999
Cruddas Park,2011-06,1141
Cruddas Park,2011-07,1033
Cruddas Park,2011-08,1404
Cruddas Park,2011-09,1217
Cruddas Park,2011-10,1104
Cruddas Park,2011-11,1151
Cruddas Park,2011-12,958
Cruddas Park,2012-01,1081
Cruddas Park,2012-02,878
Cruddas Park,2012-03,1149
Cruddas Park,2012-04,954
Cruddas Park,2012-05,930
Cruddas Park,2012-06,990
Cruddas Park,2012-07,1064
Cruddas Park,2012-08,948
Cruddas Park,2012-09,762
Cruddas Park,2012-10,748
Cruddas Park,2012-11,939
Cruddas Park,2012-12,539
Cruddas Park,2013-01,761
Cruddas Park,2013-02,751
Cruddas Park,2013-03,655
Cruddas Park,2013-04,684
Cruddas Park,2013-05,693
Cruddas Park,2013-06,391
Cruddas Park,2013-07,10
Cruddas Park,2013-08,27
Cruddas Park,2013-10,5
Cruddas Park,2013-11,0
Cruddas Park,2013-12,0
Cruddas Park,2014-04,0
Cruddas Park,2014-05,0
Cruddas Park,2014-06,311
Cruddas Park,2014-07,676
Cruddas Park,2014-08,803
Cruddas Park,2014-09,574
Cruddas Park,2014-10,577
Cruddas Park,2014-11,503
Cruddas Park,2014-12,308
Cruddas Park,2015-01,503
Cruddas Park,2015-02,544
Cruddas Park,2015-03,526
Cruddas Park,2015-04,456
Cruddas Park,2015-05,272
Cruddas Park,2015-06,546
Cruddas Park,2015-07,475
Cruddas Park,2015-08,507
Cruddas Park,2015-09,587
Cruddas Park,2015-10,410
Cruddas Park,2015-11,465
Cruddas Park,2015-12,278
Cruddas Park,2016-01,511
Cruddas Park,2016-02,295
Cruddas Park,2016-03,358
Cruddas Park,2016-04,437
Cruddas Park,2016-05,355
Cruddas Park,2016-06,354
Cruddas Park,2016-07,523
Cruddas Park,2016-08,513
Cruddas Park,2016-09,563
Cruddas Park,2016-10,447
Cruddas Park,2016-11,479
Denton Burn,2008-04,4292
Denton Burn,2008-05,4276
Denton Burn,2008-06,3925
Denton Burn,2008-07,4544
Denton Burn,2008-08,5068
Denton Burn,2008-09,4366
Denton Burn,2008-10,4553
Denton Burn,2008-11,3729
Denton Burn,2008-12,2865
Denton Burn,2009-01,4018
Denton Burn,2009-02,3687
Denton Burn,2009-03,4121
Denton Burn,2009-04,4516
Denton Burn,2009-05,4166
Denton Burn,2009-06,4169
Denton Burn,2009-07,6117
Denton Burn,2009-08,5256
Denton Burn,2009-09,4463
Denton Burn,2009-10,4670
Denton Burn,2009-11,5240
Denton Burn,2009-12,3371
Denton Burn,2010-01,4782
Denton Burn,2010-02,3980
Denton Burn,2010-03,5861
Denton Burn,2010-04,4617
Denton Burn,2010-05,3522
Denton Burn,2010-06,4288
Denton Burn,2010-07,4544
Denton Burn,2010-08,4215
Denton Burn,2010-09,4826
Denton Burn,2010-10,4822
Denton Burn,2010-11,3385
Denton Burn,2010-12,3384
Denton Burn,2011-01,4955
Denton Burn,2011-02,6143
Denton Burn,2011-03,4805
Denton Burn,2011-04,3573
Denton Burn,2011-05,3825
Denton Burn,2011-06,3319
Denton Burn,2011-07,3235
Denton Burn,2011-08,3492
Denton Burn,2011-09,3208
Denton Burn,2011-10,3393
Denton Burn,2011-11,3248
Denton Burn,2011-12,2315
Denton Burn,2012-01,3076
Denton Burn,2012-02,2874
Denton Burn,2012-03,2962
Denton Burn,2012-04,2469
Denton Burn,2012-05,2631
Denton Burn,2012-06,2616
Denton Burn,2012-07,3098
Denton Burn,2012-08,3046
Denton Burn,2012-09,2617
Denton Burn,2012-10,2657
Denton Burn,2012-11,2565
Denton Burn,2012-12,1562
Denton Burn,2013-01,2296
Denton Burn,2013-02,2257
Denton Burn,2013-03,2390
Denton Burn,2013-04,2026
Denton Burn,2013-05,2205
Denton Burn,2013-06,1685
Denton Burn,2013-07,967
Denton Burn,2013-08,939
Denton Burn,2013-09,1015
Denton Burn,2013-10,963
Denton Burn,2013-11,889
Denton Burn,2013-12,770
Denton Burn,2014-01,1001
Denton Burn,2014-02,872
Denton Burn,2014-03,890
Denton Burn,2014-04,716
Denton Burn,2014-05,698
Denton Burn,2014-06,879
Denton Burn,2014-07,797
Denton Burn,2014-08,731
Denton Burn,2014-09,957
Denton Burn,2014-10,100
Denton Burn,2015-03,7
Denton Burn,2015-04,93
Denton Burn,2015-05,431
Denton Burn,2015-06,713
Denton Burn,2015-07,750
Denton Burn,2015-08,857
Denton Burn,2015-09,691
Denton Burn,2015-10,755
Denton Burn,2015-11,628
Denton Burn,2015-12,521
Denton Burn,2016-01,619
Denton Burn,2016-02,796
Denton Burn,2016-03,479
Denton Burn,2016-04,566
Denton Burn,2016-05,644
Denton Burn,2016-06,814
Denton Burn,2016-07,634
Denton Burn,2016-08,878
Denton Burn,2016-09,753
Denton Burn,2016-10,837
Denton Burn,2016-11,722
Dinnington,2008-04,952
Dinnington,2008-05,1005
Dinnington,2008-06,1038
Dinnington,2008-07,933
Dinnington,2008-08,1118
Dinnington,2008-09,948
Dinnington,2008-10,1146
Dinnington,2008-11,991
Dinnington,2008-12,616
Dinnington,2009-01,1010
Dinnington,2009-02,933
Dinnington,2009-03,917
Dinnington,2009-04,873
Dinnington,2009-05,1073
Dinnington,2009-06,1104
Dinnington,2009-07,1170
Dinnington,2009-08,974
Dinnington,2009-09,991
Dinnington,2009-10,1179
Dinnington,2009-11,1064
Dinnington,2009-12,944
Dinnington,2010-01,1155
Dinnington,2010-02,1080
Dinnington,2010-03,1158
Dinnington,2010-04,872
Dinnington,2010-05,1161
Dinnington,2010-06,1186
Dinnington,2010-07,1309
Dinnington,2010-08,900
Dinnington,2010-09,1429
Dinnington,2010-10,1503
Dinnington,2010-11,1239
Dinnington,2010-12,791
Dinnington,2011-01,1424
Dinnington,2011-02,1344
Dinnington,2011-03,1299
Dinnington,2011-04,1150
Dinnington,2011-05,1037
Dinnington,2011-06,1269
Dinnington,2011-07,1262
Dinnington,2011-08,1108
Dinnington,2011-09,1168
Dinnington,2011-10,1015
Dinnington,2011-11,1165
Dinnington,2011-12,905
Dinnington,2012-01,1079
Dinnington,2012-02,992
Dinnington,2012-03,1131
Dinnington,2012-04,788
Dinnington,2012-05,1110
Dinnington,2012-06,1474
Dinnington,2012-07,1165
Dinnington,2012-08,1033
Dinnington,2012-09,1045
Dinnington,2012-10,1098
Dinnington,2012-11,1019
Dinnington,2012-12,648
Dinnington,2013-01,816
Dinnington,2013-02,944
Dinnington,2013-03,952
Dinnington,2013-04,682
Dinnington,2013-05,698
Dinnington,2013-06,674
Dinnington,2013-07,23
Dinnington,2013-08,17
East End,2008-04,14443
East End,2008-05,13141
East End,2008-06,13661
East End,2008-07,13989
East End,2008-08,15210
East End,2008-09,13767
East End,2008-10,13182
East End,2008-11,11794
East End,2008-12,10131
East End,2009-01,12040
East End,2009-02,11371
East End,2009-03,12341
East End,2009-04,11795
East End,2009-05,11494
East End,2009-06,10268
East End,2009-07,10268
East End,2009-08,9411
East End,2009-09,9356
East End,2009-10,9936
East End,2009-11,8732
East End,2009-12,6505
East End,2010-01,8934
East End,2010-02,9117
East End,2010-03,9366
East End,2010-04,9551
East End,2010-05,8577
East End,2010-06,8923
East End,2010-07,9312
East End,2010-08,9786
East End,2010-09,8423
East End,2010-10,7310
East End,2010-11,8008
East End,2010-12,6484
East End,2011-01,8988
East End,2011-02,7876
East End,2011-03,9464
East End,2011-04,6891
East End,2011-05,9004
East End,2011-06,8233
East End,2011-07,8240
East End,2011-08,8447
East End,2011-09,7808
East End,2011-10,7585
East End,2011-11,6674
East End,2011-12,5317
East End,2012-01,7438
East End,2012-02,6981
East End,2012-03,7312
East End,2012-04,6688
East End,2012-05,7133
East End,2012-06,6622
East End,2012-07,7425
East End,2012-08,7579
East End,2012-09,6548
East End,2012-10,6997
East End,2012-11,6364
East End,2012-12,4954
East End,2013-01,6081
East End,2013-02,5385
East End,2013-03,5789
East End,2013-04,5564
East End,2013-05,6393
East End,2013-06,6069
East End,2013-07,7161
East End,2013-08,7079
East End,2013-09,6108
East End,2013-10,6736
East End,2013-11,6094
East End,2013-12,4448
East End,2014-01,5762
East End,2014-02,5362
East End,2014-03,5513
East End,2014-04,5061
East End,2014-05,4844
East End,2014-06,4602
East End,2014-07,4895
East End,2014-08,5699
East End,2014-09,5167
East End,2014-10,5122
East End,2014-11,4213
East End,2014-12,3495
East End,2015-01,4575
East End,2015-02,4161
East End,2015-03,4369
East End,2015-04,3796
East End,2015-05,2963
East End,2015-06,3566
East End,2015-07,4106
East End,2015-08,4264
East End,2015-09,4526
East End,2015-10,4283
East End,2015-11,3730
East End,2015-12,3088
East End,2016-01,4103
East End,2016-02,3750
East End,2016-03,3989
East End,2016-04,3807
East End,2016-05,727
East End,2016-06,1
East End,2016-07,874
East End,2016-08,1990
East End,2016-09,2301
East End,2016-10,2483
East End,2016-11,1881
Fawdon,2008-04,998
Fawdon,2008-05,1300
Fawdon,2008-06,1425
Fawdon,2008-07,1199
Fawdon,2008-08,1325
Fawdon,2008-09,1745
Fawdon,2008-10,1269
Fawdon,2008-11,797
Fawdon,2008-12,1122
Fawdon,2009-01,1190
Fawdon,2009-02,1133
Fawdon,2009-03,1248
Fawdon,2009-04,1307
Fawdon,2009-05,1146
Fawdon,2009-06,1183
Fawdon,2009-07,1196
Fawdon,2009-08,1111
Fawdon,2009-09,1213
Fawdon,2009-10,1363
Fawdon,2009-11,1111
Fawdon,2009-12,1009
Fawdon,2010-01,1168
Fawdon,2010-02,1030
Fawdon,2010-03,1331
Fawdon,2010-04,926
Fawdon,2010-05,1081
Fawdon,2010-06,1209
Fawdon,2010-07,1163
Fawdon,2010-08,819
Fawdon,2010-09,1120
Fawdon,2010-10,1134
Fawdon,2010-11,1297
Fawdon,2010-12,847
Fawdon,2011-01,1079
Fawdon,2011-02,996
Fawdon,2011-03,1224
Fawdon,2011-04,862
Fawdon,2011-05,1014
Fawdon,2011-06,1159
Fawdon,2011-07,1018
Fawdon,2011-08,952
Fawdon,2011-09,717
Fawdon,2011-10,665
Fawdon,2011-11,590
Fawdon,2011-12,499
Fawdon,2012-01,655
Fawdon,2012-02,632
Fawdon,2012-03,676
Fawdon,2012-04,780
Fawdon,2012-05,672
Fawdon,2012-06,521
Fawdon,2012-07,554
Fawdon,2012-08,552
Fawdon,2012-09,481
Fawdon,2012-10,549
Fawdon,2012-11,425
Fawdon,2012-12,351
Fawdon,2013-01,572
Fawdon,2013-02,413
Fawdon,2013-03,426
Fawdon,2013-04,334
Fawdon,2013-05,461
Fawdon,2013-06,377
Fawdon,2013-07,634
Fawdon,2013-08,475
Fawdon,2013-09,487
Fawdon,2013-10,398
Fawdon,2013-11,326
Fawdon,2013-12,201
Fawdon,2014-01,342
Fawdon,2014-02,255
Fawdon,2014-03,229
Fawdon,2014-04,247
Fawdon,2014-05,155
Fawdon,2014-06,222
Fawdon,2014-07,214
Fawdon,2014-08,245
Fawdon,2014-09,273
Fawdon,2014-10,242
Fawdon,2014-11,243
Fawdon,2014-12,131
Fawdon,2015-01,193
Fawdon,2015-02,164
Fawdon,2015-03,119
Fenham,2008-04,11273
Fenham,2008-05,8564
Fenham,2008-06,8535
Fenham,2008-07,9464
Fenham,2008-08,9414
Fenham,2008-09,9527
Fenham,2008-10,9344
Fenham,2008-11,8222
Fenham,2008-12,8130
Fenham,2009-01,8844
Fenham,2009-02,7436
Fenham,2009-03,7559
Fenham,2009-04,7366
Fenham,2009-05,7555
Fenham,2009-06,6792
Fenham,2009-07,6135
Fenham,2009-08,5789
Fenham,2009-09,6003
Fenham,2009-10,7637
Fenham,2009-11,6249
Fenham,2009-12,4052
Fenham,2010-01,5753
Fenham,2010-02,5921
Fenham,2010-03,5627
Fenham,2010-04,5514
Fenham,2010-05,5131
Fenham,2010-06,5804
Fenham,2010-07,6730
Fenham,2010-08,6726
Fenham,2010-09,6320
Fenham,2010-10,5834
Fenham,2010-11,5460
Fenham,2010-12,375
Fenham,2011-01,0
Fenham,2011-02,18
Fenham,2011-03,3563
Fenham,2011-04,3445
Fenham,2011-05,4282
Fenham,2011-06,3895
Fenham,2011-07,4405
Fenham,2011-08,5167
Fenham,2011-09,4475
Fenham,2011-10,4350
Fenham,2011-11,3938
Fenham,2011-12,3069
Fenham,2012-01,4243
Fenham,2012-02,3948
Fenham,2012-03,4373
Fenham,2012-04,3934
Fenham,2012-05,3946
Fenham,2012-06,4055
Fenham,2012-07,4501
Fenham,2012-08,4227
Fenham,2012-09,3773
Fenham,2012-10,4054
Fenham,2012-11,3870
Fenham,2012-12,2798
Fenham,2013-01,3347
Fenham,2013-02,3276
Fenham,2013-03,3300
Fenham,2013-04,2287
Fenham,2013-05,3682
Fenham,2013-06,3877
Fenham,2013-07,3867
Fenham,2013-08,3542
Fenham,2013-09,2813
Fenham,2013-10,1134
Fenham,2013-11,16
Fenham,2013-12,46
Fenham,2014-01,0
Fenham,2014-02,22
Fenham,2014-03,2613
Fenham,2014-04,2777
Fenham,2014-05,2546
Fenham,2014-06,2502
Fenham,2014-07,2676
Fenham,2014-08,2708
Fenham,2014-09,2395
Fenham,2014-10,2391
Fenham,2014-11,2041
Fenham,2014-12,1729
Fenham,2015-01,2212
Fenham,2015-02,2074
Fenham,2015-03,2260
Fenham,2015-04,1968
Fenham,2015-05,1639
Fenham,2015-06,1861
Fenham,2015-07,2608
Fenham,2015-08,2480
Fenham,2015-09,2237
Fenham,2015-10,2124
Fenham,2015-11,1967
Fenham,2015-12,1477
Fenham,2016-01,2065
Fenham,2016-02,1986
Fenham,2016-03,1967
Fenham,2016-04,2152
Fenham,2016-05,1338
Fenham,2016-06,1500
Fenham,2016-07,1611
Fenham,2016-08,1886
Fenham,2016-09,1666
Fenham,2016-10,1564
Fenham,2016-11,1387
Gosforth,2008-04,21548
Gosforth,2008-05,20575
Gosforth,2008-06,20987
Gosforth,2008-07,21823
Gosforth,2008-08,23465
Gosforth,2008-09,21263
Gosforth,2008-10,21313
Gosforth,2008-11,19264
Gosforth,2008-12,15364
Gosforth,2009-01,19692
Gosforth,2009-02,17932
Gosforth,2009-03,18988
Gosforth,2009-04,18323
Gosforth,2009-05,18318
Gosforth,2009-06,17402
Gosforth,2009-07,18827
Gosforth,2009-08,18353
Gosforth,2009-09,17519
Gosforth,2009-10,17386
Gosforth,2009-11,15811
Gosforth,2009-12,12195
Gosforth,2010-01,14429
Gosforth,2010-02,15671
Gosforth,2010-03,17029
Gosforth,2010-04,15758
Gosforth,2010-05,14877
Gosforth,2010-06,15281
Gosforth,2010-07,16613
Gosforth,2010-08,16981
Gosforth,2010-09,15755
Gosforth,2010-10,15253
Gosforth,2010-11,12976
Gosforth,2010-12,10740
Gosforth,2011-01,13674
Gosforth,2011-02,13197
Gosforth,2011-03,13704
Gosforth,2011-04,11938
Gosforth,2011-05,13046
Gosforth,2011-06,12901
Gosforth,2011-07,14014
Gosforth,2011-08,14955
Gosforth,2011-09,13354
Gosforth,2011-10,14131
Gosforth,2011-11,11812
Gosforth,2011-12,10609
Gosforth,2012-01,12588
Gosforth,2012-02,12128
Gosforth,2012-03,12978
Gosforth,2012-04,12070
Gosforth,2012-05,11520
Gosforth,2012-06,10970
Gosforth,2012-07,12727
Gosforth,2012-08,12902
Gosforth,2012-09,11240
Gosforth,2012-10,12116
Gosforth,2012-11,10213
Gosforth,2012-12,7881
Gosforth,2013-01,9093
Gosforth,2013-02,9067
Gosforth,2013-03,9388
Gosforth,2013-04,9273
Gosforth,2013-05,10704
Gosforth,2013-06,9753
Gosforth,2013-07,12130
Gosforth,2013-08,12883
Gosforth,2013-09,10116
Gosforth,2013-10,10042
Gosforth,2013-11,9495
Gosforth,2013-12,7460
Gosforth,2014-01,9522
Gosforth,2014-02,9194
Gosforth,2014-03,10220
Gosforth,2014-04,8603
Gosforth,2014-05,9029
Gosforth,2014-06,8277
Gosforth,2014-07,8750
Gosforth,2014-08,10009
Gosforth,2014-09,8853
Gosforth,2014-10,9173
Gosforth,2014-11,8185
Gosforth,2014-12,6787
Gosforth,2015-01,8439
Gosforth,2015-02,8001
Gosforth,2015-03,8871
Gosforth,2015-04,7680
Gosforth,2015-05,6239
Gosforth,2015-06,8282
Gosforth,2015-07,9504
Gosforth,2015-08,9434
Gosforth,2015-09,9084
Gosforth,2015-10,8453
Gosforth,2015-11,7792
Gosforth,2015-12,5860
Gosforth,2016-01,7580
Gosforth,2016-02,7682
Gosforth,2016-03,7282
Gosforth,2016-04,7771
Gosforth,2016-05,5430
Gosforth,2016-06,4835
Gosforth,2016-07,5808
Gosforth,2016-08,6271
Gosforth,2016-09,5400
Gosforth,2016-10,5897
Gosforth,2016-11,5677
High Heaton,2008-04,70
High Heaton,2008-05,57
High Heaton,2008-06,99
High Heaton,2008-07,78
High Heaton,2008-08,0
High Heaton,2008-09,3420
High Heaton,2008-10,6330
High Heaton,2008-11,5620
High Heaton,2008-12,3823
High Heaton,2009-01,5706
High Heaton,2009-02,5791
High Heaton,2009-03,5483
High Heaton,2009-04,5361
High Heaton,2009-05,5100
High Heaton,2009-06,4803
High Heaton,2009-07,5595
High Heaton,2009-08,5201
High Heaton,2009-09,5107
High Heaton,2009-10,5163
High Heaton,2009-11,4301
High Heaton,2009-12,3508
High Heaton,2010-01,4530
High Heaton,2010-02,4476
High Heaton,2010-03,4459
High Heaton,2010-04,4198
High Heaton,2010-05,4121
High Heaton,2010-06,4034
High Heaton,2010-07,5387
High Heaton,2010-08,4813
High Heaton,2010-09,4510
High Heaton,2010-10,4579
High Heaton,2010-11,3514
High Heaton,2010-12,2938
High Heaton,2011-01,4109
High Heaton,2011-02,4323
High Heaton,2011-03,4351
High Heaton,2011-04,3469
High Heaton,2011-05,4065
High Heaton,2011-06,3626
High Heaton,2011-07,4325
High Heaton,2011-08,4507
High Heaton,2011-09,3885
High Heaton,2011-10,3896
High Heaton,2011-11,3627
High Heaton,2011-12,2597
High Heaton,2012-01,3930
High Heaton,2012-02,3354
High Heaton,2012-03,3171
High Heaton,2012-04,3185
High Heaton,2012-05,2928
High Heaton,2012-06,3042
High Heaton,2012-07,3728
High Heaton,2012-08,4651
High Heaton,2012-09,3519
High Heaton,2012-10,3357
High Heaton,2012-11,3391
High Heaton,2012-12,2182
High Heaton,2013-01,2885
High Heaton,2013-02,2887
High Heaton,2013-03,2694
High Heaton,2013-04,2799
High Heaton,2013-05,3018
High Heaton,2013-06,4245
High Heaton,2013-07,1434
High Heaton,2013-08,1647
High Heaton,2013-09,1456
High Heaton,2013-10,1449
High Heaton,2013-11,1284
High Heaton,2013-12,830
High Heaton,2014-01,1318
High Heaton,2014-02,1126
High Heaton,2014-03,931
High Heaton,2014-04,1115
High Heaton,2014-05,1142
High Heaton,2014-06,880
High Heaton,2014-07,1084
High Heaton,2014-08,1321
High Heaton,2014-09,968
High Heaton,2014-10,1335
High Heaton,2014-11,1089
High Heaton,2014-12,733
High Heaton,2015-01,1064
High Heaton,2015-02,1130
High Heaton,2015-03,1344
High Heaton,2015-04,1081
High Heaton,2015-05,944
High Heaton,2015-06,1265
High Heaton,2015-07,1421
High Heaton,2015-08,1405
High Heaton,2015-09,1106
High Heaton,2015-10,1217
High Heaton,2015-11,1390
High Heaton,2015-12,887
High Heaton,2016-01,1163
High Heaton,2016-02,1119
High Heaton,2016-03,1201
High Heaton,2016-04,1330
High Heaton,2016-05,1441
High Heaton,2016-06,1423
High Heaton,2016-07,1423
High Heaton,2016-08,1404
High Heaton,2016-09,1594
High Heaton,2016-10,1605
High Heaton,2016-11,1445
Jesmond,2008-04,7429
Jesmond,2008-05,7213
Jesmond,2008-06,6826
Jesmond,2008-07,7774
Jesmond,2008-08,7784
Jesmond,2008-09,7160
Jesmond,2008-10,6982
Jesmond,2008-11,6766
Jesmond,2008-12,5682
Jesmond,2009-01,6692
Jesmond,2009-02,6554
Jesmond,2009-03,6640
Jesmond,2009-04,6819
Jesmond,2009-05,6075
Jesmond,2009-06,5274
Jesmond,2009-07,6167
Jesmond,2009-08,5188
Jesmond,2009-09,4850
Jesmond,2009-10,5756
Jesmond,2009-11,4517
Jesmond,2009-12,4521
Jesmond,2010-01,5345
Jesmond,2010-02,4520
Jesmond,2010-03,4660
Jesmond,2010-04,4532
Jesmond,2010-05,4643
Jesmond,2010-06,4617
Jesmond,2010-07,5007
Jesmond,2010-08,4662
Jesmond,2010-09,4746
Jesmond,2010-10,5073
Jesmond,2010-11,4335
Jesmond,2010-12,3148
Jesmond,2011-01,4265
Jesmond,2011-02,3772
Jesmond,2011-03,1857
Jesmond,2011-04,0
Jesmond,2011-05,9
Jesmond,2011-06,2364
Jesmond,2011-07,4450
Jesmond,2011-08,4316
Jesmond,2011-09,4378
Jesmond,2011-10,4259
Jesmond,2011-11,3999
Jesmond,2011-12,3146
Jesmond,2012-01,4242
Jesmond,2012-02,3756
Jesmond,2012-03,4437
Jesmond,2012-04,3993
Jesmond,2012-05,3946
Jesmond,2012-06,3869
Jesmond,2012-07,4333
Jesmond,2012-08,4222
Jesmond,2012-09,3763
Jesmond,2012-10,3624
Jesmond,2012-11,3793
Jesmond,2012-12,2424
Jesmond,2013-01,3657
Jesmond,2013-02,3282
Jesmond,2013-03,3186
Jesmond,2013-04,2957
Jesmond,2013-05,3308
Jesmond,2013-06,3168
Jesmond,2013-07,435
Jesmond,2013-08,201
Jesmond,2013-11,1
Kenton,2008-04,4523
Kenton,2008-05,3995
Kenton,2008-06,4095
Kenton,2008-07,4440
Kenton,2008-08,4906
Kenton,2008-09,4317
Kenton,2008-10,4548
Kenton,2008-11,3998
Kenton,2008-12,3151
Kenton,2009-01,3997
Kenton,2009-02,3782
Kenton,2009-03,4053
Kenton,2009-04,3966
Kenton,2009-05,3738
Kenton,2009-06,3429
Kenton,2009-07,4204
Kenton,2009-08,4044
Kenton,2009-09,4116
Kenton,2009-10,3962
Kenton,2009-11,3667
Kenton,2009-12,3100
Kenton,2010-01,3089
Kenton,2010-02,4136
Kenton,2010-03,3773
Kenton,2010-04,3448
Kenton,2010-05,3421
Kenton,2010-06,3822
Kenton,2010-07,4052
Kenton,2010-08,4038
Kenton,2010-09,3728
Kenton,2010-10,3612
Kenton,2010-11,3274
Kenton,2010-12,2755
Kenton,2011-01,3336
Kenton,2011-02,3673
Kenton,2011-03,3933
Kenton,2011-04,3259
Kenton,2011-05,3354
Kenton,2011-06,3224
Kenton,2011-07,3102
Kenton,2011-08,3744
Kenton,2011-09,2880
Kenton,2011-10,2908
Kenton,2011-11,2630
Kenton,2011-12,2306
Kenton,2012-01,2563
Kenton,2012-02,2783
Kenton,2012-03,2912
Kenton,2012-04,2612
Kenton,2012-05,2842
Kenton,2012-06,2327
Kenton,2012-07,2538
Kenton,2012-08,2592
Kenton,2012-09,2214
Kenton,2012-10,2576
Kenton,2012-11,2162
Kenton,2012-12,1532
Kenton,2013-01,2146
Kenton,2013-02,1996
Kenton,2013-03,2139
Kenton,2013-04,2289
Kenton,2013-05,2423
Kenton,2013-06,2229
Kenton,2013-07,2480
Kenton,2013-08,2653
Kenton,2013-09,1978
Kenton,2013-10,2538
Kenton,2013-11,2170
Kenton,2013-12,2074
Kenton,2014-01,1969
Kenton,2014-02,2177
Kenton,2014-03,2403
Kenton,2014-04,2006
Kenton,2014-05,1808
Kenton,2014-06,1965
Kenton,2014-07,1955
Kenton,2014-08,2161
Kenton,2014-09,1768
Kenton,2014-10,2016
Kenton,2014-11,1676
Kenton,2014-12,1497
Kenton,2015-01,1795
Kenton,2015-02,1475
Kenton,2015-03,1853
Kenton,2015-04,1777
Kenton,2015-05,1342
Kenton,2015-06,1972
Kenton,2015-07,1849
Kenton,2015-08,1737
Kenton,2015-09,1691
Kenton,2015-10,1854
Kenton,2015-11,1537
Kenton,2015-12,1107
Kenton,2016-01,1614
Kenton,2016-02,1500
Kenton,2016-03,1682
Kenton,2016-04,1684
Kenton,2016-05,1219
Kenton,2016-06,1158
Kenton,2016-07,1366
Kenton,2016-08,1250
Kenton,2016-09,1431
Kenton,2016-10,1029
Kenton,2016-11,1543
Mobile,2008-04,2250
Mobile,2008-05,2176
Mobile,2008-06,2333
Mobile,2008-07,2324
Mobile,2008-08,2559
Mobile,2008-09,2031
Mobile,2008-10,2255
Mobile,2008-11,2206
Mobile,2008-12,1917
Mobile,2009-01,2657
Mobile,2009-02,2064
Mobile,2009-03,2500
Mobile,2009-04,2121
Mobile,2009-05,2114
Mobile,2009-06,2449
Mobile,2009-07,2297
Mobile,2009-08,2441
Mobile,2009-09,1945
Mobile,2009-10,2507
Mobile,2009-11,1974
Mobile,2009-12,1939
Mobile,2010-01,2398
Mobile,2010-02,2141
Mobile,2010-03,2421
Mobile,2010-04,2168
Mobile,2010-05,2073
Mobile,2010-06,1887
Mobile,2010-07,2759
Mobile,2010-08,2731
Mobile,2010-09,3124
Mobile,2010-10,4131
Mobile,2010-11,3064
Mobile,2010-12,1365
Mobile,2011-01,2578
Mobile,2011-02,1897
Mobile,2011-03,2603
Mobile,2011-04,2444
Mobile,2011-05,2055
Mobile,2011-06,2486
Mobile,2011-07,2265
Mobile,2011-08,2094
Mobile,2011-09,2087
Mobile,2011-10,2543
Mobile,2011-11,2568
Mobile,2011-12,1924
Mobile,2012-01,2338
Mobile,2012-02,2006
Mobile,2012-03,1943
Mobile,2012-04,827
Moorside,2008-04,1364
Moorside,2008-05,1717
Moorside,2008-06,1246
Moorside,2008-07,1664
Moorside,2008-08,1670
Moorside,2008-09,1504
Moorside,2008-10,1605
Moorside,2008-11,1318
Moorside,2008-12,1048
Moorside,2009-01,1298
Moorside,2009-02,1441
Moorside,2009-03,1097
Moorside,2009-04,1132
Moorside,2009-05,1522
Moorside,2009-06,1165
Moorside,2009-07,1583
Moorside,2009-08,1278
Moorside,2009-09,1066
Moorside,2009-10,925
Moorside,2009-11,950
Moorside,2009-12,1028
Moorside,2010-01,1072
Moorside,2010-02,868
Moorside,2010-03,952
Moorside,2010-04,907
Moorside,2010-05,1049
Moorside,2010-06,1028
Moorside,2010-07,1635
Moorside,2010-08,1512
Moorside,2010-09,1157
Moorside,2010-10,1174
Moorside,2010-11,1382
Moorside,2010-12,1001
Moorside,2011-01,1046
Moorside,2011-02,942
Moorside,2011-03,1332
Moorside,2011-04,864
Moorside,2011-05,835
Moorside,2011-06,883
Moorside,2011-07,1142
Moorside,2011-08,1235
Moorside,2011-09,1059
Moorside,2011-10,894
Moorside,2011-11,859
Moorside,2011-12,585
Moorside,2012-01,798
Moorside,2012-02,589
Moorside,2012-03,800
Moorside,2012-04,763
Moorside,2012-05,911
Moorside,2012-06,902
Moorside,2012-07,1364
Moorside,2012-08,1382
Moorside,2012-09,1233
Moorside,2012-10,1018
Moorside,2012-11,821
Moorside,2012-12,670
Moorside,2013-01,868
Moorside,2013-02,771
Moorside,2013-03,686
Moorside,2013-04,700
Moorside,2013-05,874
Moorside,2013-06,654
Moorside,2013-07,46
Moorside,2013-08,12
Newbiggin Hall,2008-04,2094
Newbiggin Hall,2008-05,2122
Newbiggin Hall,2008-06,1976
Newbiggin Hall,2008-07,2477
Newbiggin Hall,2008-08,2310
Newbiggin Hall,2008-09,2257
Newbiggin Hall,2008-10,2391
Newbiggin Hall,2008-11,1995
Newbiggin Hall,2008-12,1569
Newbiggin Hall,2009-01,2070
Newbiggin Hall,2009-02,2007
Newbiggin Hall,2009-03,2266
Newbiggin Hall,2009-04,1955
Newbiggin Hall,2009-05,1931
Newbiggin Hall,2009-06,1889
Newbiggin Hall,2009-07,2078
Newbiggin Hall,2009-08,2155
Newbiggin Hall,2009-09,2094
Newbiggin Hall,2009-10,2042
Newbiggin Hall,2009-11,1786
Newbiggin Hall,2009-12,1264
Newbiggin Hall,2010-01,1761
Newbiggin Hall,2010-02,1709
Newbiggin Hall,2010-03,1621
Newbiggin Hall,2010-04,1550
Newbiggin Hall,2010-05,1502
Newbiggin Hall,2010-06,1834
Newbiggin Hall,2010-07,2316
Newbiggin Hall,2010-08,2210
Newbiggin Hall,2010-09,1855
Newbiggin Hall,2010-10,1754
Newbiggin Hall,2010-11,1456
Newbiggin Hall,2010-12,169
Newbiggin Hall,2011-01,1405
Newbiggin Hall,2011-02,1800
Newbiggin Hall,2011-03,1983
Newbiggin Hall,2011-04,1493
Newbiggin Hall,2011-05,1595
Newbiggin Hall,2011-06,1971
Newbiggin Hall,2011-07,1760
Newbiggin Hall,2011-08,1850
Newbiggin Hall,2011-09,1694
Newbiggin Hall,2011-10,1602
Newbiggin Hall,2011-11,1935
Newbiggin Hall,2011-12,1254
Newbiggin Hall,2012-01,1715
Newbiggin Hall,2012-02,1840
Newbiggin Hall,2012-03,1968
Newbiggin Hall,2012-04,1387
Newbiggin Hall,2012-05,1364
Newbiggin Hall,2012-06,1558
Newbiggin Hall,2012-07,1485
Newbiggin Hall,2012-08,1101
Newbiggin Hall,2012-09,939
Newbiggin Hall,2012-10,856
Newbiggin Hall,2012-11,781
Newbiggin Hall,2012-12,509
Newbiggin Hall,2013-01,732
Newbiggin Hall,2013-02,786
Newbiggin Hall,2013-03,854
Newbiggin Hall,2013-04,624
Newbiggin Hall,2013-05,654
Newbiggin Hall,2013-06,763
Newbiggin Hall,2013-07,897
Newbiggin Hall,2013-08,798
Newbiggin Hall,2013-09,666
Newbiggin Hall,2013-10,645
Newbiggin Hall,2013-11,616
Newbiggin Hall,2013-12,504
Newbiggin Hall,2014-01,717
Newbiggin Hall,2014-02,644
Newbiggin Hall,2014-03,576
Newbiggin Hall,2014-04,593
Newbiggin Hall,2014-05,615
Newbiggin Hall,2014-06,556
Newbiggin Hall,2014-07,591
Newbiggin Hall,2014-08,452
Newbiggin Hall,2014-09,550
Newbiggin Hall,2014-10,431
Newbiggin Hall,2014-11,465
Newbiggin Hall,2014-12,327
Newbiggin Hall,2015-01,508
Newbiggin Hall,2015-02,579
Newbiggin Hall,2015-03,522
Newbiggin Hall,2015-12,6
Newbiggin Hall,2016-01,18
Newbiggin Hall,2016-02,28
Newbiggin Hall,2016-03,63
Newbiggin Hall,2016-04,32
Newbiggin Hall,2016-05,30
Newbiggin Hall,2016-06,57
Newbiggin Hall,2016-07,70
Newbiggin Hall,2016-08,54
Newbiggin Hall,2016-09,38
Newbiggin Hall,2016-10,30
Newbiggin Hall,2016-11,39
Newburn,2008-04,2639
Newburn,2008-05,2568
Newburn,2008-06,2323
Newburn,2008-07,2567
Newburn,2008-08,2899
Newburn,2008-09,2686
Newburn,2008-10,2851
Newburn,2008-11,2459
Newburn,2008-12,1946
Newburn,2009-01,2725
Newburn,2009-02,2888
Newburn,2009-03,2794
Newburn,2009-04,2181
Newburn,2009-05,2395
Newburn,2009-06,2242
Newburn,2009-07,2526
Newburn,2009-08,2474
Newburn,2009-09,2089
Newburn,2009-10,2343
Newburn,2009-11,2051
Newburn,2009-12,2070
Newburn,2010-01,2255
Newburn,2010-02,2222
Newburn,2010-03,2460
Newburn,2010-04,2121
Newburn,2010-05,2183
Newburn,2010-06,1953
Newburn,2010-07,2695
Newburn,2010-08,2472
Newburn,2010-09,2458
Newburn,2010-10,2261
Newburn,2010-11,2014
Newburn,2010-12,1472
Newburn,2011-01,2092
Newburn,2011-02,2073
Newburn,2011-03,2136
Newburn,2011-04,1841
Newburn,2011-05,2007
Newburn,2011-06,1876
Newburn,2011-07,2132
Newburn,2011-08,2253
Newburn,2011-09,2214
Newburn,2011-10,2025
Newburn,2011-11,2182
Newburn,2011-12,1390
Newburn,2012-01,1939
Newburn,2012-02,1788
Newburn,2012-03,2018
Newburn,2012-04,1759
Newburn,2012-05,1745
Newburn,2012-06,1576
Newburn,2012-07,1872
Newburn,2012-08,1780
Newburn,2012-09,1519
Newburn,2012-10,1609
Newburn,2012-11,1590
Newburn,2012-12,1023
Newburn,2013-01,1695
Newburn,2013-02,1471
Newburn,2013-03,1188
Newburn,2013-04,1528
Newburn,2013-05,1532
Newburn,2013-06,1564
Newburn,2013-07,1536
Newburn,2013-08,1664
Newburn,2013-09,1544
Newburn,2013-10,1587
Newburn,2013-11,1366
Newburn,2013-12,875
Newburn,2014-01,1240
Newburn,2014-02,1303
Newburn,2014-03,1312
Newburn,2014-04,1137
Newburn,2014-05,1339
Newburn,2014-06,1043
Newburn,2014-07,1299
Newburn,2014-08,1184
Newburn,2014-09,1188
Newburn,2014-10,1026
Newburn,2014-11,945
Newburn,2014-12,726
Newburn,2015-01,1114
Newburn,2015-02,1413
Newburn,2015-03,35
Newburn,2015-08,1
Newburn,2015-09,511
Newburn,2015-10,1433
Newburn,2015-11,1122
Newburn,2015-12,749
Newburn,2016-01,1051
Newburn,2016-02,1279
Newburn,2016-03,962
Newburn,2016-04,1082
Newburn,2016-05,992
Newburn,2016-06,816
Newburn,2016-07,1009
Newburn,2016-08,1107
Newburn,2016-09,885
Newburn,2016-10,914
Newburn,2016-11,783
Outer West,2008-04,11375
Outer West,2008-05,10871
Outer West,2008-06,10743
Outer West,2008-07,11805
Outer West,2008-08,12534
Outer West,2008-09,12128
Outer West,2008-10,12302
Outer West,2008-11,10535
Outer West,2008-12,9039
Outer West,2009-01,10376
Outer West,2009-02,9877
Outer West,2009-03,11082
Outer West,2009-04,11390
Outer West,2009-05,10737
Outer West,2009-06,10475
Outer West,2009-07,10840
Outer West,2009-08,11012
Outer West,2009-09,10811
Outer West,2009-10,11098
Outer West,2009-11,9948
Outer West,2009-12,7970
Outer West,2010-01,9333
Outer West,2010-02,9841
Outer West,2010-03,10744
Outer West,2010-04,10058
Outer West,2010-05,9030
Outer West,2010-06,9601
Outer West,2010-07,11633
Outer West,2010-08,10800
Outer West,2010-09,9085
Outer West,2010-10,10361
Outer West,2010-11,8809
Outer West,2010-12,7643
Outer West,2011-01,9718
Outer West,2011-02,9813
Outer West,2011-03,10417
Outer West,2011-04,8250
Outer West,2011-05,9934
Outer West,2011-06,9048
Outer West,2011-07,9715
Outer West,2011-08,10136
Outer West,2011-09,9053
Outer West,2011-10,8850
Outer West,2011-11,8044
Outer West,2011-12,6900
Outer West,2012-01,8046
Outer West,2012-02,7710
Outer West,2012-03,8080
Outer West,2012-04,7819
Outer West,2012-05,7655
Outer West,2012-06,7165
Outer West,2012-07,8577
Outer West,2012-08,8389
Outer West,2012-09,7207
Outer West,2012-10,7920
Outer West,2012-11,7368
Outer West,2012-12,5249
Outer West,2013-01,6654
Outer West,2013-02,6525
Outer West,2013-03,7075
Outer West,2013-04,6944
Outer West,2013-05,7618
Outer West,2013-06,6880
Outer West,2013-07,8209
Outer West,2013-08,8365
Outer West,2013-09,7001
Outer West,2013-10,7429
Outer West,2013-11,6646
Outer West,2013-12,5418
Outer West,2014-01,7054
Outer West,2014-02,6448
Outer West,2014-03,6237
Outer West,2014-04,6141
Outer West,2014-05,6579
Outer West,2014-06,5737
Outer West,2014-07,6623
Outer West,2014-08,6775
Outer West,2014-09,5916
Outer West,2014-10,6125
Outer West,2014-11,5159
Outer West,2014-12,4263
Outer West,2015-01,5247
Outer West,2015-02,5289
Outer West,2015-03,5472
Outer West,2015-04,5328
Outer West,2015-05,3887
Outer West,2015-06,5047
Outer West,2015-07,6122
Outer West,2015-08,5984
Outer West,2015-09,5554
Outer West,2015-10,5424
Outer West,2015-11,5040
Outer West,2015-12,4091
Outer West,2016-01,5110
Outer West,2016-02,5014
Outer West,2016-03,5356
Outer West,2016-04,5354
Outer West,2016-05,3838
Outer West,2016-06,3768
Outer West,2016-07,4101
Outer West,2016-08,3927
Outer West,2016-09,4128
Outer West,2016-10,3566
Outer West,2016-11,3727
Walker,2008-04,2602
Walker,2008-05,2736
Walker,2008-06,3066
Walker,2008-07,3526
Walker,2008-08,3211
Walker,2008-09,2763
Walker,2008-10,2948
Walker,2008-11,2449
Walker,2008-12,1956
Walker,2009-01,2930
Walker,2009-02,2811
Walker,2009-03,3053
Walker,2009-04,2314
Walker,2009-05,2161
Walker,2009-06,2416
Walker,2009-07,2666
Walker,2009-08,2240
Walker,2009-09,2611
Walker,2009-10,2133
Walker,2009-11,1954
Walker,2009-12,1718
Walker,2010-01,2197
Walker,2010-02,1940
Walker,2010-03,2523
Walker,2010-04,2303
Walker,2010-05,2245
Walker,2010-06,2168
Walker,2010-07,2885
Walker,2010-08,3297
Walker,2010-09,2547
Walker,2010-10,2813
Walker,2010-11,2863
Walker,2010-12,1330
Walker,2011-01,2425
Walker,2011-02,2015
Walker,2011-03,2378
Walker,2011-04,1903
Walker,2011-05,2141
Walker,2011-06,2284
Walker,2011-07,3178
Walker,2011-08,2279
Walker,2011-09,1850
Walker,2011-10,2726
Walker,2011-11,1783
Walker,2011-12,1489
Walker,2012-01,1852
Walker,2012-02,1729
Walker,2012-03,1558
Walker,2012-04,1783
Walker,2012-05,1403
Walker,2012-06,1577
Walker,2012-07,2093
Walker,2012-08,2568
Walker,2012-09,1871
Walker,2012-10,1427
Walker,2012-11,1501
Walker,2012-12,877
Walker,2013-01,1525
Walker,2013-02,1180
Walker,2013-03,1043
Walker,2013-04,1125
Walker,2013-05,1025
Walker,2013-06,933
Walker,2013-07,741
Walker,2013-08,834
Walker,2013-09,840
Walker,2013-10,915
Walker,2013-11,742
Walker,2013-12,375
Walker,2014-01,809
Walker,2014-02,612
Walker,2014-03,589
Walker,2014-04,595
Walker,2014-05,697
Walker,2014-06,672
Walker,2014-07,940
Walker,2014-08,790
Walker,2014-09,513
Walker,2014-10,552
Walker,2014-11,448
Walker,2014-12,379
Walker,2015-01,273
Walker,2015-02,424
Walker,2015-03,493
Walker,2015-04,390
Walker,2015-05,368
Walker,2015-06,398
Walker,2015-07,823
Walker,2015-08,596
Walker,2015-09,375
Walker,2015-10,437
Walker,2015-11,368
Walker,2015-12,175
Walker,2016-01,353
Walker,2016-02,364
Walker,2016-03,352
Walker,2016-04,356
Walker,2016-05,377
Walker,2016-06,385
Walker,2016-07,458
Walker,2016-08,338
Walker,2016-09,258
Walker,2016-10,356
Walker,2016-11,307
West End,2008-04,2274
West End,2008-05,2054
West End,2008-06,2109
West End,2008-07,2512
West End,2008-08,2758
West End,2008-09,2417
West End,2008-10,2115
West End,2008-11,3601
West End,2008-12,3745
West End,2009-01,4641
West End,2009-02,5252
West End,2009-03,5180
West End,2009-04,5123
West End,2009-05,4476
West End,2009-06,5143
West End,2009-07,6328
West End,2009-08,5256
West End,2009-09,4509
West End,2009-10,4529
West End,2009-11,3463
West End,2009-12,2753
West End,2010-01,3344
West End,2010-02,3581
West End,2010-03,3669
West End,2010-04,3404
West End,2010-05,3138
West End,2010-06,3212
West End,2010-07,4044
West End,2010-08,4531
West End,2010-09,3923
West End,2010-10,3507
West End,2010-11,3008
West End,2010-12,1749
West End,2011-01,3267
West End,2011-02,3496
West End,2011-03,3324
West End,2011-04,3153
West End,2011-05,2971
West End,2011-06,2841
West End,2011-07,3288
West End,2011-08,3910
West End,2011-09,3247
West End,2011-10,3001
West End,2011-11,2705
West End,2011-12,2435
West End,2012-01,2846
West End,2012-02,2869
West End,2012-03,2940
West End,2012-04,2573
West End,2012-05,2746
West End,2012-06,2534
West End,2012-07,3679
West End,2012-08,3376
West End,2012-09,2308
West End,2012-10,2586
West End,2012-11,2329
West End,2012-12,2307
West End,2013-01,2407
West End,2013-02,2536
West End,2013-03,2294
West End,2013-04,2549
West End,2013-05,3246
West End,2013-06,2409
West End,2013-07,3150
West End,2013-08,3599
West End,2013-09,3017
West End,2013-10,3295
West End,2013-11,3471
West End,2013-12,2720
West End,2014-01,3292
West End,2014-02,3005
West End,2014-03,2876
West End,2014-04,2969
West End,2014-05,2807
West End,2014-06,2548
West End,2014-07,2659
West End,2014-08,2697
West End,2014-09,2486
West End,2014-10,2341
West End,2014-11,2179
West End,2014-12,1580
West End,2015-01,2045
West End,2015-02,2004
West End,2015-03,1899
West End,2015-04,1698
West End,2015-05,1360
West End,2015-06,1404
West End,2015-07,1713
West End,2015-08,1910
West End,2015-09,1783
West End,2015-10,1953
West End,2015-11,1383
West End,2015-12,1062
West End,2016-01,1131
West End,2016-02,1342
West End,2016-03,1376
West End,2016-04,1376
West End,2016-05,952
West End,2016-06,957
West End,2016-07,1080
West End,2016-08,1067
West End,2016-09,880
West End,2016-10,1002
West End,2016-11,641
